{
  "Post Books" : {
    "transaction" : "Post Books",
    "sampleCount" : 2,
    "errorCount" : 0,
    "errorPct" : 0.0,
    "meanResTime" : 223.5,
    "medianResTime" : 223.5,
    "minResTime" : 222.0,
    "maxResTime" : 225.0,
    "pct1ResTime" : 225.0,
    "pct2ResTime" : 225.0,
    "pct3ResTime" : 225.0,
    "throughput" : 2.898550724637681,
    "receivedKBytesPerSec" : 0.7416213768115942,
    "sentKBytesPerSec" : 0.6651947463768116
  },
  "Delete Book" : {
    "transaction" : "Delete Book",
    "sampleCount" : 1,
    "errorCount" : 0,
    "errorPct" : 0.0,
    "meanResTime" : 228.0,
    "medianResTime" : 228.0,
    "minResTime" : 228.0,
    "maxResTime" : 228.0,
    "pct1ResTime" : 228.0,
    "pct2ResTime" : 228.0,
    "pct3ResTime" : 228.0,
    "throughput" : 4.385964912280701,
    "receivedKBytesPerSec" : 0.9037486293859649,
    "sentKBytesPerSec" : 1.0579427083333333
  },
  "Get Books" : {
    "transaction" : "Get Books",
    "sampleCount" : 2,
    "errorCount" : 0,
    "errorPct" : 0.0,
    "meanResTime" : 1365.0,
    "medianResTime" : 1365.0,
    "minResTime" : 1349.0,
    "maxResTime" : 1381.0,
    "pct1ResTime" : 1381.0,
    "pct2ResTime" : 1381.0,
    "pct3ResTime" : 1381.0,
    "throughput" : 1.0822510822510822,
    "receivedKBytesPerSec" : 103.08758624188312,
    "sentKBytesPerSec" : 0.15958975919913418
  },
  "Total" : {
    "transaction" : "Total",
    "sampleCount" : 6,
    "errorCount" : 0,
    "errorPct" : 0.0,
    "meanResTime" : 606.6666666666666,
    "medianResTime" : 231.5,
    "minResTime" : 222.0,
    "maxResTime" : 1381.0,
    "pct1ResTime" : 1381.0,
    "pct2ResTime" : 1381.0,
    "pct3ResTime" : 1381.0,
    "throughput" : 2.897151134717528,
    "receivedKBytesPerSec" : 92.6833730685659,
    "sentKBytesPerSec" : 0.5545328343795267
  },
  "Get Book" : {
    "transaction" : "Get Book",
    "sampleCount" : 1,
    "errorCount" : 0,
    "errorPct" : 0.0,
    "meanResTime" : 235.0,
    "medianResTime" : 235.0,
    "minResTime" : 235.0,
    "maxResTime" : 235.0,
    "pct1ResTime" : 235.0,
    "pct2ResTime" : 235.0,
    "pct3ResTime" : 235.0,
    "throughput" : 4.25531914893617,
    "receivedKBytesPerSec" : 3.0792885638297873,
    "sentKBytesPerSec" : 0.6524268617021277
  }
}