{
  "Post Books" : {
    "transaction" : "Post Books",
    "sampleCount" : 2,
    "errorCount" : 0,
    "errorPct" : 0.0,
    "meanResTime" : 227.0,
    "medianResTime" : 227.0,
    "minResTime" : 226.0,
    "maxResTime" : 228.0,
    "pct1ResTime" : 228.0,
    "pct2ResTime" : 228.0,
    "pct3ResTime" : 228.0,
    "throughput" : 5.571030640668524,
    "receivedKBytesPerSec" : 1.425400417827298,
    "sentKBytesPerSec" : 1.278508008356546
  },
  "Delete Book" : {
    "transaction" : "Delete Book",
    "sampleCount" : 1,
    "errorCount" : 0,
    "errorPct" : 0.0,
    "meanResTime" : 231.0,
    "medianResTime" : 231.0,
    "minResTime" : 231.0,
    "maxResTime" : 231.0,
    "pct1ResTime" : 231.0,
    "pct2ResTime" : 231.0,
    "pct3ResTime" : 231.0,
    "throughput" : 4.329004329004329,
    "receivedKBytesPerSec" : 0.8920116341991342,
    "sentKBytesPerSec" : 1.0442031926406925
  },
  "Get Books" : {
    "transaction" : "Get Books",
    "sampleCount" : 2,
    "errorCount" : 0,
    "errorPct" : 0.0,
    "meanResTime" : 1527.5,
    "medianResTime" : 1527.5,
    "minResTime" : 1462.0,
    "maxResTime" : 1593.0,
    "pct1ResTime" : 1593.0,
    "pct2ResTime" : 1593.0,
    "pct3ResTime" : 1593.0,
    "throughput" : 1.2554927809165097,
    "receivedKBytesPerSec" : 119.55258356873823,
    "sentKBytesPerSec" : 0.18513614249843063
  },
  "Total" : {
    "transaction" : "Total",
    "sampleCount" : 7,
    "errorCount" : 0,
    "errorPct" : 0.0,
    "meanResTime" : 601.4285714285714,
    "medianResTime" : 233.0,
    "minResTime" : 226.0,
    "maxResTime" : 1593.0,
    "pct1ResTime" : 1593.0,
    "pct2ResTime" : 1593.0,
    "pct3ResTime" : 1593.0,
    "throughput" : 3.2452480296708393,
    "receivedKBytesPerSec" : 89.29638603963839,
    "sentKBytesPerSec" : 0.6035038537320352
  },
  "Get Book" : {
    "transaction" : "Get Book",
    "sampleCount" : 2,
    "errorCount" : 0,
    "errorPct" : 0.0,
    "meanResTime" : 235.0,
    "medianResTime" : 235.0,
    "minResTime" : 233.0,
    "maxResTime" : 237.0,
    "pct1ResTime" : 237.0,
    "pct2ResTime" : 237.0,
    "pct3ResTime" : 237.0,
    "throughput" : 5.46448087431694,
    "receivedKBytesPerSec" : 3.9542776639344264,
    "sentKBytesPerSec" : 0.8378159153005464
  }
}